{"64,41":-0.0038944903142653707,"64,42":-0.013644756188297474,"64,43":-0.040521304123124796,"64,44":-0.10743473828656705,"64,45":-0.22962508257601547,"64,46":-0.3993511860664299,"64,47":-0.7208724243467466,"64,48":-1.0786490723077775,"64,49":-1.5070896915527567,"64,50":-1.9652141535255179,"64,51":-2.41852883952392,"64,52":-2.7840473940697796,"64,53":-3.0120705702739574,"64,54":-3.199990364303664,"64,55":-3.2601518012619675,"64,56":-3.342276148489089,"64,57":-3.446291563366431,"64,58":-3.6499554376754806,"64,59":-3.9281729290295173,"64,60":-4.195455339696853,"64,61":-4.347364223493791,"64,62":-4.299270003418812,"64,63":-3.946597352151346,"64,64":-3.433495739109535}