{"28,64":0.01936085029341878,"29,64":0.1067768567604056,"30,64":0.31666585384051993,"31,64":0.6672202307675591,"32,64":1.0417531971871288,"33,64":1.209124283887829,"34,64":1.0234158585977295,"35,64":0.6188314624190303,"36,64":0.2653001499002213,"37,64":0.07358883979995355,"38,64":0.009045763815759666}