{"0,35":-0.17708693526479588,"0,36":-0.3492143970075214,"0,37":-0.5676467731908679,"0,38":-0.9141522132823429,"0,39":-1.4023147853749491,"0,40":-2.225846786334696,"0,41":-3.26773302126009,"0,42":-4.18290838631927,"0,43":-4.725848203594612,"0,44":-4.926692840864572,"0,45":-4.7718293394802505,"0,46":-4.4508758768118994,"0,47":-4.209388275393853,"0,48":-4.03560580928791,"0,49":-4.18347336721305,"0,50":-4.615142349927136,"0,51":-5.142880886781628,"0,52":-5.860475703989285,"0,53":-6.469914739791766,"0,54":-6.874478858213993,"0,55":-7.064038962039218,"0,56":-6.94753205085062,"0,57":-6.623036640902587,"0,58":-6.170466849650948,"0,59":-5.6450507369937934,"0,60":-5.038767697108627,"0,61":-4.428800706387952,"0,62":-3.7534027372701786,"0,63":-2.998382067391736,"0,64":-2.346762295205165,"3,0":0.05109882310684127,"3,1":0.021106782236772554,"4,0":0.2316821170463381,"4,1":0.07950699360956534,"4,2":0.021106782236772554,"5,0":0.7769497970792454,"5,1":0.3149955222480562,"5,2":0.08426662376462668,"6,0":1.6971502920617179,"6,1":0.7335038648209921,"6,2":0.21952282802229137,"6,3":0.03316780065778544,"7,0":2.7808736027220626,"7,1":1.2933864686561682,"7,2":0.4184807071085244,"7,3":0.08029815059646483,"8,0":3.3902124491486707,"8,1":1.6820953750889875,"8,2":0.5785235118637951,"8,3":0.12493956138645981,"9,0":2.9588468531386156,"9,1":1.5325937708741473,"9,2":0.5485314709937263,"9,3":0.12493956138645981,"10,0":1.7755038680679025,"10,1":0.9399129145466752,"10,2":0.3389737134989592,"10,3":0.08029815059646483,"11,0":0.7184848288733271,"11,1":0.36831102767380747,"11,2":0.14001583441272594,"11,3":0.03316780065778544,"12,0":0.22265043802843928,"12,1":0.09537442362273094,"12,2":0.03316780065778544,"13,0":0.08077475987791917,"14,0":0.12181039498676628,"14,1":0.006030509210506445,"15,0":0.15721865097745438,"15,1":0.01459966374481179,"16,0":0.1634432314372582,"16,1":0.02271628388844724,"17,0":0.12556083761888892,"17,1":0.02271628388844724,"18,0":0.06404113729520144,"18,1":0.01459966374481179,"19,0":0.02271628388844724,"19,1":0.006030509210506445,"20,0":0.006030509210506445}